title,box,cover
An easy Course in Programming the HP 15C,,1
An easy Course in programming the HP48GX,,1
An easy Course in using the HP 17BII,,1
An easy course in using the HP-42S,,1
An easy Course using the HP 48GX,,1
Baby Lock BLSA3 Embroidery,,1
Baby Lock BLSA3 embroidery (few pages),BOX 3,0
Baby Lock BLSA3 Embroidery Design Guide,BOX 1,0
Baby Lock BLSA3 Sewing,,1
Baby Lock Coronet,BOX 1,0
BabyLock BLSA3 Sewing,BOX 3,0
Bernette B77 [1],,1
Bernette B77 [2],,1
Bernette B77 [3],,1
Bernina 790 Plus,BOX 2,0
Blackmagic Cinema 6K,,1
Blackmagic Pocket Cinema Camera,,1
Blackmagic Studio Cameras,,1
Boss DR-880,,1
Brother XP2 Embroidery,BOX 2,0
Brother XP2 Embroidery Design Guide,BOX 2,1
Brother XP2 Embroidery design guide [1],,1
Brother XP2 Embroidery design guide [2],,1
Brother XP2 Sewing,,1
Brother XP3 Embroidery,,1
Brother XP3 Embroidery Design Guide,,1
Brother xp3 embroidery design guide (beginning only),BOX 1,0
Brother XP3 sewing,,1
Canon EOS 1D Mark IV,,1
Canon EOS 3000D,,1
Canon EOS 5D Mark II,,1
Canon EOS 6D,,1
Canon EOS 70D,BOX 2,0
Canon EOS R100,,1
Canon EOS R6 Mark II,BOX 2,1
Canon Powershot SX500 IS,BOX 2,0
Denon AVR-760H,BOX 3,0
DGX670 Reference,,1
Free42,BOX 3,0
Getting Started with TI Nspire CX II,BOX 1,0
Gopro 10 Black,BOX 2,0
GOPRO HERO 12,,1
GOPRO Hero 5 Black,BOX 1,0
HP 10BII user's Guide,,1
HP 12C Platinum Owner's Handbook,,1
HP 12C Solutions Handbook,BOX 1,0
HP 15C advanced function handbook (half letter),BOX 2,0
HP 15C Advanced Functions Handbook,,1
HP 15C Collector Edition Owner Handbook,,1
HP 15C Collector's Edition Advanced Function Handbook,,1
HP 15C Collector's Edition Owner Handbook,,1
HP 15C Collector's Edition Owner's Handbook,,1
HP 15C Limited Edition Owner Handbook,BOX 2,0
HP 15C Owners's Handbook,,1
HP 19C HP 29C,,1
HP 19C HP 29C Owner Manual,BOX 1,0
HP 2404A HP IL interface HP 71B,BOX 1,0
HP 32S Engineering Applications,,1
HP 35S Quick Start Guide,BOX 1,0
HP 35S Quick Start Guide (black),,1
HP 41 Easy Course,,1
HP 41 Synthetic ,,1
HP 41C P 41CV Owener handbook and Programming Guide,BOX 2,0
HP 41CL The Easy Way,,1
HP 41CV Service Manual,,1
HP 42S Owner's Manual,,1
HP 42S Programming,,1
HP 42S Programming Technique,,1
HP 45,,1
HP 48G Advanced user's reference manual,BOX 1,0
HP 49G+ User's Manual,,1
HP 49G+ users's manual,,1
HP 50g advanced user's reference manual,BOX 2,1
HP 50G um,BOX 3,0
HP 65 Owner Handbook,,1
HP 67,,1
HP 67 Civil Engineering,BOX 2,0
HP 67 EE pac,BOX 3,0
HP 71 Data Communications,,1
HP 71 Disassembler,,1
HP 71 Made Easy,BOX 3,0
HP 71 Owner Manual,BOX 3,0
HP 71 Reference Manual,BOX 3,0
HP 71B Forth Assembler,BOX 3,0
HP 75 Forth / Assembler,BOX 1,0
HP 75 I/O Rom,,1
HP 75 Owner Manual,BOX 1,1
HP 75 Reference Manual,BOX 1,0
HP 75 reference manual,BOX 3,0
HP 75 Service Manual,,1
HP 75 Statistics,,1
HP 82104A Card Reader,BOX 1,0
HP 82153A Wand,,1
HP 97 Service Manual,,1
HP Prime QSG,,1
HP-10C Owner's Handbook,,1
HP-41C Applied Statistics II,,1
HP-41C Math Pac,,1
HP12C Platinum Handbook,,1
HP12C Platinum Owner's Handbook,,1
HP19C HP 29C,,1
HP22S Owner's Manual,,1
HP28S Owner's Manual,,1
Humminbird Helix 5,BOX 3,0
Husqvarna emerald,,1
Husqvarna Huskylock 936,,1
Husqvarna Sapphire,,1
Kodak AZ528,,1
Lowrance Elite FS,BOX 3,0
Lowrance Hook 2 series,BOX 1,0
Lowrance Hook Reveal Series,BOX 3,0
Lowrance Hook Series,,1
Nikon 3500 Reference Manual,BOX 2,0
Nikon Coolpix P950,BOX 3,0
Nikon Coolpix P950 reference manual,BOX 1,0
Nikon D5,BOX 2,0
Nikon D50,,1
Nikon D7200,BOX 1,0
Nikon Z7 Z6 Reference Manual,BOX 1,0
Panasonic Lumix DC-ZS70,BOX 3,0
Pentax 645D,,1
PFAFF ICON 1,BOX 1,0
Sony DSC-H300,BOX 2,0
Tandy Model 100 [1],,1
Tandy Model 100 [2],,1
Tandy Model 100 Reference,BOX 1,0
TC Helicon Voicelive,,1
TDS 48GX Suveyin Card User's Manual,BOX 1,0
TDS-48GX Survey Pro User's Manual,,1
Tektronix MS022 MSO24,BOX 2,0
The Basic HP-71,,1
TI 84Plus CE Getting Started,,1
TI Nspire CX CAS Handheld guidebook,,1
TI NSPIRE CX II Guidebook,BOX 1,0
TSDS Surveying Card User's Manual,,1
Yamaha dgx-670 owner manual,BOX 2,0
